Name,AMP Probability,Sequence
Sequence_1,0.0360203202811219,RMKMMKSHMSRMSR
Sequence_2,0.0358412646519725,TMRYSRKSVVSKVSR
Sequence_3,0.0370397115445216,GRSPSRKSVVSKVMR
Sequence_4,0.038098664618742,IMRYHRKSMVSKVSR
Sequence_5,0.0351777807440791,YRSYSRKSVVSKVMR
Sequence_6,0.0322636868819664,MTMRYSRKSHVSKVSR
Sequence_7,0.0351892402449545,MSRYPSRKSHMSKMSR
Sequence_8,0.036059618191545,TMRYGRKTMVSKVSR
Sequence_9,0.0364651844449277,RYKMVKSHMSKMSR
Sequence_10,0.0356683975985564,RYPRMKSMMSKTSR
Sequence_11,0.0354278962245255,SRYPSRKSQMSKMSR
Sequence_12,0.0360574594560914,TRYMRKTMVSKVSR
Sequence_13,0.0367625159661458,RRSIRMQAMMSTSRR
Sequence_14,0.036055616793989,TMRYVRKQVVSKVSR
Sequence_15,0.0360523231849602,TRYSRKSVVSKVMR
Sequence_16,0.0359092049219843,RYPSRKSHMSKMSR
Sequence_17,0.0359249673375007,MRTSRKSVLSKVSR
Sequence_18,0.0359213460761645,RYMSRKSQSKMSR
Sequence_19,0.0360626817455811,KMRYGRKGMVQKVSR
Sequence_20,0.0356827219960335,IRRPSRKSHMSKMSR
Sequence_21,0.0356825901772284,MSRYGSRKSHMVKMQR
Sequence_22,0.0309054675482418,QRRSIRMQAMMNSSRR
Sequence_23,0.0342142739826772,RYWRMKSMMSKTSR
Sequence_24,0.0401892899246406,TKRYSSKSVVSKVSRR
Sequence_25,0.0360596191601588,TMRSVRKQAVSKVSR
Sequence_26,0.0359451164078593,NPMRYSRKSVFSKVSR
Sequence_27,0.0360626034468611,RYPSRKVMSKGSR
Sequence_28,0.0332380785255612,TMSRYPSRKVHMSKYSR
Sequence_29,0.0346749719588436,MRRSIRMQAMMSKTSR
Sequence_30,0.0354501303928271,MRYSRKSAVGKVSR
Sequence_31,0.0345165896511895,ARYPSRKSHMSKVSR
Sequence_32,0.0326581590484237,MRRGIRMQMMMSKTQR
Sequence_33,0.0351444412996568,MRQSRKSVVGKVSR
Sequence_34,0.0351466331498961,SRYPSRKSQVYKMSR
Sequence_35,0.0359452798237381,RYMSMKRQSKMMR
Sequence_36,0.0360626780676244,YRSGSRKSVVRKVR
Sequence_37,0.0360596773262654,RRSIRQYMMSSRR
Sequence_38,0.0371986523355082,VRYKMVKSHMSKMR
Sequence_39,0.0356939862189387,MRTSRKSVASKVSR
Sequence_40,0.0358070719009336,VTMRYSRKSIVSKVSRS
Sequence_41,0.0360287251800151,RQSRKSVPSKVSR
Sequence_42,0.0362014195597141,RYKMVKSRMSNMNR
Sequence_43,0.0137435153468236,KSRYPSLKSQMSKMSRR
Sequence_44,0.0336962267460339,PMSRYPSRKRHMSMSR
Sequence_45,0.0357060534761177,RYPVHKSMMSKKSR
Sequence_46,0.035946016526446,TMRNVRKQVHSKVSR
Sequence_47,0.0344847423692487,YRSYRSSVVSKKMR
Sequence_48,0.0360584042396687,IMRAHRASMVKKVSR
Sequence_49,0.0360513373663249,RKMVRSHMSKMSRQ
Sequence_50,0.0383437064978355,IRYGVRKSMHMTKTSR
