ID,Peptide,Prediction,half_life
Sequence_1,RMKMMKSHMSRMSR,0,21.474305831561608
Sequence_2,TMRYSRKSVVSKVSR,0,18.928461080918883
Sequence_3,GRSPSRKSVVSKVMR,0,26.95045014004184
Sequence_4,IMRYHRKSMVSKVSR,0,26.95045014004184
Sequence_5,YRSYSRKSVVSKVMR,0,97.90523294023036
Sequence_6,MTMRYSRKSHVSKVSR,0,16.949697719336932
Sequence_7,MSRYPSRKSHMSKMSR,0,16.949697719336932
Sequence_8,TMRYGRKTMVSKVSR,0,26.95045014004184
Sequence_9,RYKMVKSHMSKMSR,0,21.474305831561608
Sequence_10,RYPRMKSMMSKTSR,0,21.474305831561608
Sequence_11,SRYPSRKSQMSKMSR,0,13.294272898230137
Sequence_12,TRYMRKTMVSKVSR,0,21.474305831561608
Sequence_13,RRSIRMQAMMSTSRR,0,18.928461080918883
Sequence_14,TMRYVRKQVVSKVSR,0,26.95045014004184
Sequence_15,TRYSRKSVVSKVMR,0,21.474305831561608
Sequence_16,RYPSRKSHMSKMSR,0,14.706443253044725
Sequence_17,MRTSRKSVLSKVSR,0,14.706443253044725
Sequence_18,RYMSRKSQSKMSR,0,10.991001835389
Sequence_19,KMRYGRKGMVQKVSR,1,38.37220361686274
Sequence_20,IRRPSRKSHMSKMSR,0,13.294272898230137
Sequence_21,MSRYGSRKSHMVKMQR,0,23.605978353145574
Sequence_22,QRRSIRMQAMMNSSRR,0,16.949697719336932
Sequence_23,RYWRMKSMMSKTSR,0,4.720228185701263
Sequence_24,TKRYSSKSVVSKVSRR,0,12.170317555959844
Sequence_25,TMRSVRKQAVSKVSR,0,18.928461080918883
Sequence_26,NPMRYSRKSVFSKVSR,0,23.605978353145574
Sequence_27,RYPSRKVMSKGSR,0,24.84015603037317
Sequence_28,TMSRYPSRKVHMSKYSR,0,76.2935374350859
Sequence_29,MRRSIRMQAMMSKTSR,0,23.605978353145574
Sequence_30,MRYSRKSAVGKVSR,0,31.35671916130829
Sequence_31,ARYPSRKSHMSKVSR,0,18.928461080918883
Sequence_32,MRRGIRMQMMMSKTQR,0,32.87623314800785
Sequence_33,MRQSRKSVVGKVSR,0,21.474305831561608
Sequence_34,SRYPSRKSQVYKMSR,0,68.76305893585237
Sequence_35,RYMSMKRQSKMMR,0,24.84015603037317
Sequence_36,YRSGSRKSVVRKVR,0,21.474305831561608
Sequence_37,RRSIRQYMMSSRR,0,16.523262405505168
Sequence_38,VRYKMVKSHMSKMR,0,31.35671916130829
Sequence_39,MRTSRKSVASKVSR,0,14.706443253044725
Sequence_40,VTMRYSRKSIVSKVSRS,0,21.00138179444344
Sequence_41,RQSRKSVPSKVSR,0,10.991001835389
Sequence_42,RYKMVKSRMSNMNR,0,21.474305831561608
Sequence_43,KSRYPSLKSQMSKMSRR,0,15.376241054268055
Sequence_44,PMSRYPSRKRHMSMSR,0,23.605978353145574
Sequence_45,RYPVHKSMMSKKSR,0,21.474305831561608
Sequence_46,TMRNVRKQVHSKVSR,0,13.294272898230137
Sequence_47,YRSYRSSVVSKKMR,0,78.01156951902114
Sequence_48,IMRAHRASMVKKVSR,0,38.37220361686274
Sequence_49,RKMVRSHMSKMSRQ,0,14.706443253044725
Sequence_50,IRYGVRKSMHMTKTSR,0,23.605978353145574
